[
  {
    "type": "mcq",
    "question": "Which keyword is used to define a function in Python?",
    "options": ["def", "function", "fun", "lambda"],
    "answer": "def"
  },
  {
    "type": "tf",
    "question": "Python lists are immutable.",
    "answer": "False"
  },
  {
    "type": "mcq",
    "question": "What is the output of 2 ** 3?",
    "options": ["6", "8", "9", "12"],
    "answer": "8"
  },
  {
    "type": "tf",
    "question": "The Factory pattern is used to create objects without exposing creation logic.",
    "answer": "True"
  }
]
